Hall,Floor,Room,Bed Name,Room Type
150 Elm Street,1,101,A,Single
150 Elm Street,1,102,A,Single
150 Elm Street,1,103,A,Single
150 Elm Street,2,202,A,Single
150 Elm Street,2,203,A,Single
150 Elm Street,2,204,A,Single
150 Elm Street,3,301,A,Single
150 Elm Street,3,302,A,Single
150 Elm Street,3,303,A,Single
150 Elm Street,3,304,A,Single
54 Green Street,2,202,A,Single
54 Green Street,2,203,A,Single
54 Green Street,2,204,A,Single
54 Green Street,2,205,A,Single
54 Green Street,2,206,A,Single
54 Green Street,3,301,A,Single
54 Green Street,3,303,A,Single
54 Green Street,3,304,A,Single
54 Green Street,3,305,A,Single
54 Green Street,3,306,A,Single
54 Green Street,3,307,A,Single
Albright House,1,101,A,Double
Albright House,1,101,B,Double
Albright House,1,105,A,Double
Albright House,1,105,B,Double
Albright House,2,205,A,Single
Albright House,2,206,A,Single
Albright House,2,207,A,Single
Albright House,2,208,A,Single
Albright House,2,209,A,Double
Albright House,2,209,B,Double
Albright House,2,211,A,Double
Albright House,2,211,B,Double
Albright House,2,212,A,Double
Albright House,2,212,B,Double
Albright House,2,213,A,Single
Albright House,2,214,A,Triple
Albright House,2,214,B,Triple
Albright House,2,214,C,Triple
Albright House,2,215,A,Double
Albright House,2,215,B,Double
Albright House,2,216,A,Double
Albright House,2,216,B,Double
Albright House,3,302,A,Single
Albright House,3,303,A,Single
Albright House,3,304,A,Single
Albright House,3,305,A,Single
Albright House,3,306,A,Single
Albright House,3,307,A,Single
Albright House,3,308,A,Single
Albright House,3,309,A,Double
Albright House,3,309,B,Double
Albright House,3,310,A,Single
Albright House,3,311,A,Double
Albright House,3,311,B,Double
Albright House,3,312,A,Double
Albright House,3,312,B,Double
Albright House,3,314,A,Triple
Albright House,3,314,B,Triple
Albright House,3,314,C,Triple
Albright House,3,315,A,Double
Albright House,3,315,B,Double
Albright House,3,316,A,Double
Albright House,3,316,B,Double
Albright House,4,402,A,Double
Albright House,4,402,B,Double
Albright House,4,403,A,Double
Albright House,4,403,B,Double
Albright House,4,404,A,Double
Albright House,4,404,B,Double
Albright House,4,406,A,Double
Albright House,4,406,B,Double
Albright House,4,407,A,Single
Albright House,4,408,A,Double
Albright House,4,408,B,Double
Albright House,4,409,A,Single
Albright House,4,410,A,Single
Albright House,4,411,A,Double
Albright House,4,411,B,Double
Albright House,4,412,A,Double
Albright House,4,412,B,Double
Albright House,4,413,A,Double
Albright House,4,413,B,Double
Baldwin House,0,1,A,Quadruple
Baldwin House,0,1,B,Quadruple
Baldwin House,0,1,C,Quadruple
Baldwin House,0,1,D,Quadruple
Baldwin House,0,2,A,Double
Baldwin House,0,2,B,Double
Baldwin House,0,3,A,Triple
Baldwin House,0,3,B,Triple
Baldwin House,0,3,C,Triple
Baldwin House,1,102,A,Triple
Baldwin House,1,102,B,Triple
Baldwin House,1,102,C,Triple
Baldwin House,1,103,A,Double
Baldwin House,1,103,B,Double
Baldwin House,2,201,A,Triple
Baldwin House,2,201,B,Triple
Baldwin House,2,201,C,Triple
Baldwin House,2,202,A,Triple
Baldwin House,2,202,B,Triple
Baldwin House,2,202,C,Triple
Baldwin House,2,203,A,Single
Baldwin House,2,204,A,Double
Baldwin House,2,204,B,Double
Baldwin House,2,205,A,Single
Baldwin House,2,207,A,Double
Baldwin House,2,207,B,Double
Baldwin House,2,208,A,Single
Baldwin House,2,209,A,Single
Baldwin House,2,210,A,Single
Baldwin House,2,211,A,Single
Baldwin House,2,213,A,Double
Baldwin House,2,213,B,Double
Baldwin House,3,301,A,Triple
Baldwin House,3,301,B,Triple
Baldwin House,3,301,C,Triple
Baldwin House,3,302,A,Triple
Baldwin House,3,302,B,Triple
Baldwin House,3,302,C,Triple
Baldwin House,3,304,A,Double
Baldwin House,3,304,B,Double
Baldwin House,3,305,A,Single
Baldwin House,3,307,A,Double
Baldwin House,3,307,B,Double
Baldwin House,3,309,A,Single
Baldwin House,3,310,A,Single
Baldwin House,3,312,A,Single
Baldwin House,3,313,A,Double
Baldwin House,3,313,B,Double
Baldwin House,4,401,A,Single
Baldwin House,4,404,A,Single
Baldwin House,4,405,A,Single
Baldwin House,4,407,A,Single
Baldwin House,4,408,A,Single
Baldwin House,4,409,A,Single
Baldwin House,4,410,A,Single
Baldwin House,4,412,A,Single
Baldwin House,4,413,A,Single
Baldwin House,4,414,A,Single
Baldwin House,4,415,A,Single
Baldwin House,4,416,A,Single
Baldwin House,4,417,A,Single
Baldwin House,4,418,A,Single
Capen House,1,103,A,Double
Capen House,1,103,B,Double
Capen House,1,104,A,Double
Capen House,1,104,B,Double
Capen House,1,105,A,Double
Capen House,1,105,B,Double
Capen House,1,107,A,Double
Capen House,1,107,B,Double
Capen House,1,110,A,Double
Capen House,1,110,B,Double
Capen House,1,111,A,Double
Capen House,1,111,B,Double
Capen House,1,112,A,Single
Capen House,2,201,A,Single
Capen House,2,202,A,Single
Capen House,2,203,A,Single
Capen House,2,204,A,Single
Capen House,2,205,A,Single
Capen House,2,206,A,Single
Capen House,2,207,A,Double
Capen House,2,207,B,Double
Capen House,2,208,A,Single
Capen House,2,209,A,Single
Capen House,2,211,A,Single
Capen House,2,212,A,Single
Capen House,2,213,A,Single
Capen House,2,215,A,Single
Capen House,2,216,A,Single
Capen House,2,217,A,Double
Capen House,2,217,B,Double
Capen House,2,218,A,Double
Capen House,2,218,B,Double
Capen House,2,219,A,Double
Capen House,2,219,B,Double
Capen House,2,220,A,Single
Capen House,2,221,A,Double
Capen House,2,221,B,Double
Capen House,2,222,A,Double
Capen House,2,222,B,Double
Capen House,2,223,A,Single
Capen House,2,224,A,Double
Capen House,2,224,B,Double
Capen House,2,225,A,Double
Capen House,2,225,B,Double
Capen House,2,226,A,Double
Capen House,2,226,B,Double
Capen House,3,301,A,Single
Capen House,3,302,A,Double
Capen House,3,302,B,Double
Capen House,3,303,A,Double
Capen House,3,303,B,Double
Capen House,3,304,A,Single
Capen House,3,305,A,Single
Capen House,3,306,A,Double
Capen House,3,306,B,Double
Capen House,3,307,A,Double
Capen House,3,307,B,Double
Capen House,3,309,A,Double
Capen House,3,309,B,Double
Capen House,3,311,A,Double
Capen House,3,311,B,Double
Capen House,3,312,A,Double
Capen House,3,312,B,Double
Chapin House,1,103,A,Triple
Chapin House,1,103,B,Triple
Chapin House,1,103,C,Triple
Chapin House,2,203,A,Single
Chapin House,2,204,A,Single
Chapin House,2,206,A,Single
Chapin House,2,207,A,Single
Chapin House,2,209,A,Double
Chapin House,2,209,B,Double
Chapin House,2,211,A,Single
Chapin House,2,212,A,Single
Chapin House,2,213,A,Double
Chapin House,2,213,B,Double
Chapin House,2,214,A,Double
Chapin House,2,214,B,Double
Chapin House,2,216,A,Double
Chapin House,2,216,B,Double
Chapin House,2,217,A,Double
Chapin House,2,217,B,Double
Chapin House,2,218,A,Double
Chapin House,2,218,B,Double
Chapin House,2,219,A,Double
Chapin House,2,219,B,Double
Chapin House,3,302,A,Single
Chapin House,3,303,A,Single
Chapin House,3,304,A,Single
Chapin House,3,305,A,Single
Chapin House,3,306,A,Single
Chapin House,3,307,A,Single
Chapin House,3,309,A,Double
Chapin House,3,309,B,Double
Chapin House,3,310,A,Single
Chapin House,3,311,A,Single
Chapin House,3,312,A,Single
Chapin House,3,313,A,Single
Chapin House,3,314,A,Double
Chapin House,3,314,B,Double
Chapin House,3,315,A,Single
Chapin House,3,316,A,Double
Chapin House,3,316,B,Double
Chapin House,3,317,A,Single
Chapin House,3,318,A,Double
Chapin House,3,318,B,Double
Chapin House,3,319,A,Double
Chapin House,3,319,B,Double
Chapin House,4,403,A,Single
Chapin House,4,404,A,Single
Chapin House,4,405,A,Single
Chapin House,4,406,A,Double
Chapin House,4,406,B,Double
Chapin House,4,407,A,Double
Chapin House,4,407,B,Double
Chapin House,4,408,A,Double
Chapin House,4,408,B,Double
Chapin House,4,409,A,Double
Chapin House,4,409,B,Double
Chapin House,4,410,A,Double
Chapin House,4,410,B,Double
Chapin House,4,411,A,Double
Chapin House,4,411,B,Double
Chapin House,4,412,A,Double
Chapin House,4,412,B,Double
Chase House,2,201,A,Single
Chase House,2,202,A,Single
Chase House,2,204,A,Single
Chase House,2,205,A,Single
Chase House,2,206,A,Single
Chase House,2,207,A,Single
Chase House,2,208,A,Single
Chase House,2,209,A,Single
Chase House,2,210,A,Single
Chase House,2,211,A,Single
Chase House,2,212,A,Single
Chase House,2,213,A,Single
Chase House,2,214,A,Single
Chase House,2,215,A,Single
Chase House,2,216,A,Single
Chase House,2,217,A,Single
Chase House,2,218,A,Single
Chase House,2,219,A,Single
Chase House,2,220,A,Single
Chase House,2,221,A,Single
Chase House,2,222,A,Single
Chase House,2,223,A,Single
Chase House,2,224,A,Single
Chase House,2,225,A,Single
Chase House,2,226,A,Single
Chase House,2,227,A,Single
Chase House,2,228,A,Single
Chase House,3,301,A,Single
Chase House,3,302,A,Single
Chase House,3,303,A,Single
Chase House,3,304,A,Single
Chase House,3,305,A,Single
Chase House,3,306,A,Single
Chase House,3,307,A,Single
Chase House,3,308,A,Single
Chase House,3,309,A,Single
Chase House,3,310,A,Single
Chase House,3,311,A,Single
Chase House,3,312,A,Single
Chase House,3,313,A,Single
Chase House,3,315,A,Single
Chase House,3,316,A,Single
Chase House,3,317,A,Single
Chase House,3,318,A,Single
Chase House,3,319,A,Single
Chase House,3,320,A,Single
Chase House,3,321,A,Single
Chase House,3,322,A,Single
Chase House,3,323,A,Single
Chase House,3,325,A,Single
Chase House,3,327,A,Single
Comstock House,1,101,A,Double
Comstock House,1,101,B,Double
Comstock House,1,102,A,Triple
Comstock House,1,102,B,Triple
Comstock House,1,102,C,Triple
Comstock House,1,103,A,Triple
Comstock House,1,103,B,Triple
Comstock House,1,103,C,Triple
Comstock House,1,104,A,Double
Comstock House,1,104,B,Double
Comstock House,2,201,A,Double
Comstock House,2,201,B,Double
Comstock House,2,202,A,Single
Comstock House,2,203,A,Single
Comstock House,2,204,A,Double
Comstock House,2,204,B,Double
Comstock House,2,206,A,Single
Comstock House,2,207,A,Single
Comstock House,2,210,A,Single
Comstock House,2,211,A,Single
Comstock House,2,212,A,Single
Comstock House,2,213,A,Single
Comstock House,2,214,A,Single
Comstock House,2,215,A,Single
Comstock House,2,216,A,Single
Comstock House,2,217,A,Single
Comstock House,2,218,A,Single
Comstock House,2,219,A,Single
Comstock House,2,220,A,Single
Comstock House,2,221,A,Single
Comstock House,2,223,A,Single
Comstock House,2,224,A,Double
Comstock House,2,224,B,Double
Comstock House,2,225,A,Double
Comstock House,2,225,B,Double
Comstock House,2,226,A,Single
Comstock House,2,227,A,Single
Comstock House,2,228,A,Single
Comstock House,2,229,A,Single
Comstock House,2,231,A,Single
Comstock House,2,232,A,Single
Comstock House,2,233,A,Single
Comstock House,2,234,A,Single
Comstock House,2,235,A,Double
Comstock House,2,235,B,Double
Comstock House,3,301,A,Double
Comstock House,3,301,B,Double
Comstock House,3,302,A,Single
Comstock House,3,303,A,Single
Comstock House,3,304,A,Double
Comstock House,3,304,B,Double
Comstock House,3,305,A,Single
Comstock House,3,306,A,Single
Comstock House,3,307,A,Single
Comstock House,3,308,A,Single
Comstock House,3,309,A,Single
Comstock House,3,311,A,Single
Comstock House,3,312,A,Single
Comstock House,3,313,A,Single
Comstock House,3,314,A,Single
Comstock House,3,315,A,Single
Comstock House,3,316,A,Single
Comstock House,3,317,A,Single
Comstock House,3,318,A,Single
Comstock House,3,319,A,Single
Comstock House,3,320,A,Single
Comstock House,3,321,A,Single
Comstock House,3,322,A,Single
Comstock House,3,323,A,Single
Comstock House,3,324,A,Single
Comstock House,3,325,A,Single
Comstock House,3,326,A,Single
Comstock House,3,327,A,Single
Comstock House,3,328,A,Single
Comstock House,3,329,A,Single
Comstock House,3,330,A,Double
Comstock House,3,330,B,Double
Cromwell House,1,111,A,Friedman Single
Cromwell House,1,112,A,Friedman Single
Cromwell House,1,113,A,Friedman Single
Cromwell House,1,114,A,Friedman Single
Cromwell House,2,201,A,Friedman Single
Cromwell House,2,202,A,Friedman Single
Cromwell House,2,203,A,Friedman Single
Cromwell House,2,204,A,Friedman Single
Cromwell House,2,211,A,Friedman Single
Cromwell House,2,212,A,Friedman Single
Cromwell House,2,213,A,Friedman Single
Cromwell House,2,214,A,Friedman Single
Cushing House,1,101,A,Triple
Cushing House,1,101,B,Triple
Cushing House,1,101,C,Triple
Cushing House,1,102,A,Triple
Cushing House,1,102,B,Triple
Cushing House,1,102,C,Triple
Cushing House,2,201,A,Single
Cushing House,2,203,A,Single
Cushing House,2,204,A,Single
Cushing House,2,205,A,Single
Cushing House,2,206,A,Single
Cushing House,2,207,A,Single
Cushing House,2,208,A,Single
Cushing House,2,209,A,Single
Cushing House,2,210,A,Single
Cushing House,2,211,A,Single
Cushing House,2,213,A,Single
Cushing House,2,214,A,Single
Cushing House,2,215,A,Single
Cushing House,2,216,A,Single
Cushing House,2,217,A,Single
Cushing House,2,218,A,Single
Cushing House,2,219,A,Single
Cushing House,2,220,A,Single
Cushing House,2,221,A,Single
Cushing House,2,222,A,Single
Cushing House,2,223,A,Single
Cushing House,3,301,A,Single
Cushing House,3,302,A,Single
Cushing House,3,303,A,Single
Cushing House,3,304,A,Single
Cushing House,3,305,A,Single
Cushing House,3,306,A,Single
Cushing House,3,307,A,Single
Cushing House,3,308,A,Single
Cushing House,3,309,A,Single
Cushing House,3,310,A,Single
Cushing House,3,311,A,Single
Cushing House,3,313,A,Single
Cushing House,3,314,A,Single
Cushing House,3,315,A,Single
Cushing House,3,316,A,Single
Cushing House,3,317,A,Single
Cushing House,3,318,A,Single
Cushing House,3,319,A,Double
Cushing House,3,319,B,Double
Cushing House,3,321,A,Single
Cushing House,3,322,A,Single
Cushing House,3,323,A,Single
Cushing House,3,324,A,Single
Cushing House,3,325,A,Single
Cushing House,3,326,A,Single
Cushing House,4,401,A,Double
Cushing House,4,401,B,Double
Cushing House,4,403,A,Double
Cushing House,4,403,B,Double
Cushing House,4,405,A,Single
Cushing House,4,406,A,Single
Cushing House,4,407,A,Double
Cushing House,4,407,B,Double
Cushing House,4,408,A,Single
Cushing House,4,409,A,Double
Cushing House,4,409,B,Double
Cushing House,4,410,A,Double
Cushing House,4,410,B,Double
Cushing House,4,411,A,Double
Cushing House,4,411,B,Double
Cushing House,4,412,A,Single
Cushing House,4,413,A,Double
Cushing House,4,413,B,Double
Cushing House,4,414,A,Single
Cushing House,4,415,A,Single
Cushing House,4,416,A,Single
Cushing House,4,417,A,Double
Cushing House,4,417,B,Double
Cutter House,2,201,A,Double
Cutter House,2,201,B,Double
Cutter House,2,202,A,Single
Cutter House,2,203,A,Single
Cutter House,2,204,A,Single
Cutter House,2,205,A,Single
Cutter House,2,206,A,Single
Cutter House,2,207,A,Single
Cutter House,2,210,A,Single
Cutter House,2,211,A,Single
Cutter House,2,212,A,Single
Cutter House,2,214,A,Single
Cutter House,2,215,A,Single
Cutter House,2,216,A,Double
Cutter House,2,216,B,Double
Cutter House,2,217,A,Double
Cutter House,2,217,B,Double
Cutter House,2,220,A,Single
Cutter House,2,221,A,Single
Cutter House,2,222,A,Single
Cutter House,2,223,A,Single
Cutter House,2,226,A,Single
Cutter House,2,227,A,Single
Cutter House,2,228,A,Single
Cutter House,2,229,A,Single
Cutter House,2,230,A,Single
Cutter House,2,232,A,Double
Cutter House,2,232,B,Double
Cutter House,2,233,A,Single
Cutter House,2,234,A,Single
Cutter House,3,301,A,Double
Cutter House,3,301,B,Double
Cutter House,3,302,A,Single
Cutter House,3,303,A,Single
Cutter House,3,304,A,Single
Cutter House,3,305,A,Single
Cutter House,3,306,A,Single
Cutter House,3,307,A,Single
Cutter House,3,308,A,Single
Cutter House,3,309,A,Single
Cutter House,3,311,A,Single
Cutter House,3,312,A,Single
Cutter House,3,313,A,Single
Cutter House,3,314,A,Single
Cutter House,3,316,A,Double
Cutter House,3,316,B,Double
Cutter House,3,317,A,Double
Cutter House,3,317,B,Double
Cutter House,3,318,A,Single
Cutter House,3,319,A,Single
Cutter House,3,320,A,Single
Cutter House,3,321,A,Single
Cutter House,3,322,A,Single
Cutter House,3,323,A,Single
Cutter House,3,324,A,Single
Cutter House,3,325,A,Single
Cutter House,3,326,A,Single
Cutter House,3,327,A,Single
Cutter House,3,328,A,Single
Cutter House,3,329,A,Single
Cutter House,3,330,A,Single
Cutter House,3,331,A,Single
Cutter House,3,332,A,Double
Cutter House,3,332,B,Double
Cutter House,3,333,A,Single
DeCora House,1,111,A,Friedman Single
DeCora House,1,112,A,Friedman Single
DeCora House,1,113,A,Friedman Single
DeCora House,1,114,A,Friedman Single
DeCora House,2,201,A,Friedman Single
DeCora House,2,202,A,Friedman Single
DeCora House,2,203,A,Friedman Single
DeCora House,2,204,A,Friedman Single
DeCora House,2,211,A,Friedman Single
DeCora House,2,212,A,Friedman Single
DeCora House,2,213,A,Friedman Single
DeCora House,2,214,A,Friedman Single
Duckett House,1,102,A,Double
Duckett House,1,102,B,Double
Duckett House,1,103,A,Double
Duckett House,1,103,B,Double
Duckett House,2,201,A,Double
Duckett House,2,201,B,Double
Duckett House,2,204,A,Double
Duckett House,2,204,B,Double
Duckett House,2,206,A,Single
Duckett House,2,207,A,Single
Duckett House,2,208,A,Double
Duckett House,2,208,B,Double
Duckett House,2,209,A,Double
Duckett House,2,209,B,Double
Duckett House,3,301,A,Double
Duckett House,3,301,B,Double
Duckett House,3,302,A,Single
Duckett House,3,303,A,Single
Duckett House,3,304,A,Single
Duckett House,3,305,A,Single
Duckett House,3,306,A,Double
Duckett House,3,306,B,Double
Duckett House,3,307,A,Double
Duckett House,3,307,B,Double
Duckett House,4,401,A,Single
Duckett House,4,402,A,Single
Duckett House,4,403,A,Single
Duckett House,4,404,A,Single
Duckett House,4,405,A,Single
Emerson House,1,102,A,Triple
Emerson House,1,102,B,Triple
Emerson House,1,102,C,Triple
Emerson House,2,201,A,Single
Emerson House,2,202,A,Single
Emerson House,2,203,A,Single
Emerson House,2,204,A,Single
Emerson House,2,205,A,Single
Emerson House,2,206,A,Single
Emerson House,2,208,A,Single
Emerson House,2,209,A,Single
Emerson House,2,210,A,Single
Emerson House,2,211,A,Single
Emerson House,2,212,A,Single
Emerson House,2,214,A,Single
Emerson House,2,215,A,Single
Emerson House,2,216,A,Single
Emerson House,2,217,A,Single
Emerson House,2,219,A,Single
Emerson House,2,220,A,Single
Emerson House,2,221,A,Single
Emerson House,2,222,A,Single
Emerson House,2,223,A,Single
Emerson House,2,224,A,Single
Emerson House,2,225,A,Single
Emerson House,2,226,A,Single
Emerson House,2,227,A,Single
Emerson House,2,228,A,Single
Emerson House,2,229,A,Single
Emerson House,2,231,A,Single
Emerson House,2,232,A,Single
Emerson House,2,233,A,Single
Emerson House,2,234,A,Single
Emerson House,2,235,A,Single
Emerson House,3,301,A,Single
Emerson House,3,303,A,Single
Emerson House,3,305,A,Single
Emerson House,3,306,A,Single
Emerson House,3,307,A,Single
Emerson House,3,308,A,Single
Emerson House,3,310,A,Single
Emerson House,3,311,A,Single
Emerson House,3,312,A,Single
Emerson House,3,314,A,Single
Emerson House,3,315,A,Single
Emerson House,3,316,A,Single
Emerson House,3,317,A,Single
Emerson House,3,320,A,Single
Emerson House,3,321,A,Single
Emerson House,3,322,A,Single
Emerson House,3,323,A,Single
Emerson House,3,324,A,Single
Emerson House,3,325,A,Single
Emerson House,3,326,A,Single
Emerson House,4,401,A,Double
Emerson House,4,401,B,Double
Emerson House,4,402,A,Double
Emerson House,4,402,B,Double
Emerson House,4,403,A,Double
Emerson House,4,403,B,Double
Emerson House,4,404,A,Double
Emerson House,4,404,B,Double
Emerson House,4,405,A,Double
Emerson House,4,405,B,Double
Emerson House,4,406,A,Double
Emerson House,4,406,B,Double
Emerson House,4,407,A,Double
Emerson House,4,407,B,Double
Emerson House,4,408,A,Double
Emerson House,4,408,B,Double
Emerson House,4,409,A,Double
Emerson House,4,409,B,Double
Emerson House,4,410,A,Double
Emerson House,4,410,B,Double
Emerson House,4,411,A,Double
Emerson House,4,411,B,Double
Gardiner House,1,101,A,Triple
Gardiner House,1,101,B,Triple
Gardiner House,1,101,C,Triple
Gardiner House,1,102,A,Double
Gardiner House,1,102,B,Double
Gardiner House,1,104,A,Single
Gardiner House,1,105,A,Triple
Gardiner House,1,105,B,Triple
Gardiner House,1,105,C,Triple
Gardiner House,2,201,A,Single
Gardiner House,2,202,A,Single
Gardiner House,2,203,A,Single
Gardiner House,2,204,A,Single
Gardiner House,2,205,A,Single
Gardiner House,2,206,A,Single
Gardiner House,2,207,A,Single
Gardiner House,2,208,A,Single
Gardiner House,2,209,A,Single
Gardiner House,2,210,A,Single
Gardiner House,2,212,A,Single
Gardiner House,2,213,A,Single
Gardiner House,2,214,A,Single
Gardiner House,2,215,A,Single
Gardiner House,2,216,A,Single
Gardiner House,2,218,A,Single
Gardiner House,2,219,A,Single
Gardiner House,2,220,A,Single
Gardiner House,2,221,A,Single
Gardiner House,2,222,A,Single
Gardiner House,3,301,A,Single
Gardiner House,3,302,A,Single
Gardiner House,3,303,A,Single
Gardiner House,3,304,A,Single
Gardiner House,3,305,A,Single
Gardiner House,3,306,A,Single
Gardiner House,3,307,A,Single
Gardiner House,3,308,A,Single
Gardiner House,3,309,A,Single
Gardiner House,3,310,A,Single
Gardiner House,3,311,A,Single
Gardiner House,3,313,A,Single
Gardiner House,3,314,A,Single
Gardiner House,3,315,A,Single
Gardiner House,3,316,A,Single
Gardiner House,3,317,A,Single
Gardiner House,3,318,A,Single
Gardiner House,3,319,A,Single
Gardiner House,3,320,A,Single
Gardiner House,3,321,A,Single
Gardiner House,3,322,A,Single
Gardiner House,3,323,A,Single
Gardiner House,3,324,A,Single
Gardiner House,3,325,A,Single
Gardiner House,4,401,A,Double
Gardiner House,4,401,B,Double
Gardiner House,4,402,A,Double
Gardiner House,4,402,B,Double
Gardiner House,4,403,A,Double
Gardiner House,4,403,B,Double
Gardiner House,4,404,A,Single
Gardiner House,4,405,A,Single
Gardiner House,4,406,A,Single
Gardiner House,4,408,A,Double
Gardiner House,4,408,B,Double
Gardiner House,4,409,A,Double
Gardiner House,4,409,B,Double
Gardiner House,4,410,A,Double
Gardiner House,4,410,B,Double
Gardiner House,4,411,A,Double
Gardiner House,4,411,B,Double
Gardiner House,4,412,A,Double
Gardiner House,4,412,B,Double
Gardiner House,4,413,A,Single
Gardiner House,4,414,A,Double
Gardiner House,4,414,B,Double
Gardiner House,4,415,A,Double
Gardiner House,4,415,B,Double
Gardiner House,4,416,A,Double
Gardiner House,4,416,B,Double
Gardiner House,4,417,A,Double
Gardiner House,4,417,B,Double
Gillett House,2,201,A,Single
Gillett House,2,202,A,Single
Gillett House,2,203,A,Double
Gillett House,2,203,B,Double
Gillett House,2,204,A,Single
Gillett House,2,206,A,Single
Gillett House,2,210,A,Single
Gillett House,2,211,A,Double
Gillett House,2,211,B,Double
Gillett House,2,212,A,Single
Gillett House,2,213,A,Single
Gillett House,2,215,A,Single
Gillett House,2,217,A,Single
Gillett House,2,218,A,Single
Gillett House,2,219,A,Single
Gillett House,2,220,A,Double
Gillett House,2,220,B,Double
Gillett House,3,301,A,Single
Gillett House,3,302,A,Single
Gillett House,3,303,A,Double
Gillett House,3,303,B,Double
Gillett House,3,304,A,Single
Gillett House,3,305,A,Single
Gillett House,3,306,A,Single
Gillett House,3,307,A,Single
Gillett House,3,308,A,Single
Gillett House,3,309,A,Single
Gillett House,3,310,A,Single
Gillett House,3,311,A,Double
Gillett House,3,311,B,Double
Gillett House,3,312,A,Single
Gillett House,3,313,A,Single
Gillett House,3,314,A,Single
Gillett House,3,315,A,Single
Gillett House,3,316,A,Single
Gillett House,3,317,A,Single
Gillett House,3,318,A,Single
Gillett House,3,319,A,Single
Gillett House,3,320,A,Double
Gillett House,3,320,B,Double
Gillett House,4,402,A,Single
Gillett House,4,403,A,Single
Gillett House,4,404,A,Single
Gillett House,4,405,A,Single
Gillett House,4,406,A,Single
Gillett House,4,407,A,Single
Gillett House,4,410,A,Single
Gillett House,4,411,A,Double
Gillett House,4,411,B,Double
Gillett House,4,412,A,Single
Gillett House,4,413,A,Single
Gillett House,4,414,A,Single
Gillett House,4,415,A,Single
Gillett House,4,416,A,Single
Gillett House,4,417,A,Single
Gillett House,4,418,A,Single
Gillett House,4,419,A,Single
Gillett House,5,501,A,Single
Gillett House,5,502,A,Single
Gillett House,5,503,A,Single
Gillett House,5,504,A,Single
Gillett House,5,505,A,Single
Hashimy House,1,101,A,Friedman Single
Hashimy House,1,102,A,Friedman Single
Hashimy House,1,103,A,Friedman Single
Hashimy House,1,104,A,Friedman Single
Hashimy House,1,111,A,Friedman Single
Hashimy House,1,112,A,Friedman Single
Hashimy House,1,113,A,Friedman Single
Hashimy House,1,114,A,Friedman Single
Hashimy House,2,201,A,Friedman Single
Hashimy House,2,202,A,Friedman Single
Hashimy House,2,203,A,Friedman Single
Hashimy House,2,204,A,Friedman Single
Hashimy House,2,211,A,Friedman Single
Hashimy House,2,212,A,Friedman Single
Hashimy House,2,213,A,Friedman Single
Hashimy House,2,214,A,Friedman Single
Haven House,1,101,A,Double
Haven House,1,101,B,Double
Haven House,1,103,A,Double
Haven House,1,103,B,Double
Haven House,1,104,A,Double
Haven House,1,104,B,Double
Haven House,1,105,A,Double
Haven House,1,105,B,Double
Haven House,2,201,A,Triple
Haven House,2,201,B,Triple
Haven House,2,201,C,Triple
Haven House,2,202,A,Single
Haven House,2,205,A,Single
Haven House,2,207,A,Triple
Haven House,2,207,B,Triple
Haven House,2,207,C,Triple
Haven House,2,208,A,Double
Haven House,2,208,B,Double
Haven House,2,209,A,Double
Haven House,2,209,B,Double
Haven House,2,210,A,Double
Haven House,2,210,B,Double
Haven House,2,211,A,Double
Haven House,2,211,B,Double
Haven House,2,212,A,Single
Haven House,2,213,A,Single
Haven House,2,214,A,Single
Haven House,3,301,A,Triple
Haven House,3,301,B,Triple
Haven House,3,301,C,Triple
Haven House,3,302,A,Single
Haven House,3,303,A,Single
Haven House,3,306,A,Single
Haven House,3,307,A,Triple
Haven House,3,307,B,Triple
Haven House,3,307,C,Triple
Haven House,3,308,A,Double
Haven House,3,308,B,Double
Haven House,3,309,A,Double
Haven House,3,309,B,Double
Haven House,3,310,A,Double
Haven House,3,310,B,Double
Haven House,3,311,A,Double
Haven House,3,311,B,Double
Haven House,3,312,A,Single
Haven House,3,313,A,Single
Haven House,3,314,A,Single
Hopkins House,1,102,A,Hopkins Single
Hopkins House,1,103,A,Hopkins Single
Hopkins House,1,104,A,Hopkins Single
Hopkins House,2,201,A,Hopkins Single
Hopkins House,2,202,A,Hopkins Single
Hopkins House,2,203,A,Hopkins Single
Hopkins House,2,204,A,Hopkins Double
Hopkins House,2,204,B,Hopkins Double
Hopkins House,2,205,A,Hopkins Single
Hopkins House,2,206,A,Hopkins Single
Hopkins House,2,207,A,Hopkins Single
Hopkins House,2,208,A,Hopkins Single
Hopkins House,3,301,A,Hopkins Single
Hopkins House,3,302,A,Hopkins Single
Hopkins House,3,303,A,Hopkins Single
Hubbard House,1,101,A,Single
Hubbard House,2,202,A,Single
Hubbard House,2,203,A,Single
Hubbard House,2,204,A,Double
Hubbard House,2,204,B,Double
Hubbard House,2,205,A,Double
Hubbard House,2,205,B,Double
Hubbard House,2,206,A,Double
Hubbard House,2,206,B,Double
Hubbard House,2,207,A,Double
Hubbard House,2,207,B,Double
Hubbard House,2,209,A,Single
Hubbard House,2,210,A,Double
Hubbard House,2,210,B,Double
Hubbard House,2,211,A,Double
Hubbard House,2,211,B,Double
Hubbard House,2,213,A,Single
Hubbard House,2,214,A,Double
Hubbard House,2,214,B,Double
Hubbard House,3,302,A,Single
Hubbard House,3,305,A,Double
Hubbard House,3,305,B,Double
Hubbard House,3,306,A,Double
Hubbard House,3,306,B,Double
Hubbard House,3,307,A,Double
Hubbard House,3,307,B,Double
Hubbard House,3,308,A,Single
Hubbard House,3,309,A,Single
Hubbard House,3,310,A,Double
Hubbard House,3,310,B,Double
Hubbard House,3,311,A,Double
Hubbard House,3,311,B,Double
Hubbard House,3,313,A,Single
Hubbard House,3,314,A,Double
Hubbard House,3,314,B,Double
Hubbard House,4,401,A,Double
Hubbard House,4,401,B,Double
Hubbard House,4,402,A,Double
Hubbard House,4,402,B,Double
Hubbard House,4,404,A,Double
Hubbard House,4,404,B,Double
Hubbard House,4,406,A,Double
Hubbard House,4,406,B,Double
Jordan House,1,101,A,Triple
Jordan House,1,101,B,Triple
Jordan House,1,101,C,Triple
Jordan House,1,102,A,Double
Jordan House,1,102,B,Double
Jordan House,2,201,A,Single
Jordan House,2,202,A,Single
Jordan House,2,203,A,Single
Jordan House,2,204,A,Single
Jordan House,2,207,A,Single
Jordan House,2,208,A,Single
Jordan House,2,209,A,Single
Jordan House,2,210,A,Single
Jordan House,2,211,A,Single
Jordan House,2,212,A,Single
Jordan House,2,213,A,Single
Jordan House,2,214,A,Single
Jordan House,2,216,A,Single
Jordan House,2,217,A,Single
Jordan House,2,218,A,Single
Jordan House,2,219,A,Single
Jordan House,2,221,A,Single
Jordan House,2,222,A,Single
Jordan House,2,223,A,Single
Jordan House,2,224,A,Single
Jordan House,2,225,A,Single
Jordan House,3,301,A,Single
Jordan House,3,302,A,Single
Jordan House,3,303,A,Single
Jordan House,3,304,A,Single
Jordan House,3,305,A,Single
Jordan House,3,306,A,Single
Jordan House,3,307,A,Single
Jordan House,3,308,A,Double
Jordan House,3,308,B,Double
Jordan House,3,309,A,Double
Jordan House,3,309,B,Double
Jordan House,3,310,A,Single
Jordan House,3,311,A,Single
Jordan House,3,312,A,Single
Jordan House,3,313,A,Single
Jordan House,3,314,A,Single
Jordan House,3,315,A,Single
Jordan House,3,316,A,Single
Jordan House,3,317,A,Single
Jordan House,3,318,A,Single
Jordan House,3,319,A,Single
Jordan House,3,320,A,Single
Jordan House,3,321,A,Single
Jordan House,3,323,A,Single
Jordan House,3,324,A,Single
Jordan House,3,325,A,Single
Jordan House,4,401,A,Double
Jordan House,4,401,B,Double
Jordan House,4,403,A,Single
Jordan House,4,404,A,Single
Jordan House,4,405,A,Double
Jordan House,4,405,B,Double
Jordan House,4,406,A,Double
Jordan House,4,406,B,Double
Jordan House,4,407,A,Double
Jordan House,4,407,B,Double
Jordan House,4,408,A,Double
Jordan House,4,408,B,Double
Jordan House,4,409,A,Double
Jordan House,4,409,B,Double
Jordan House,4,410,A,Double
Jordan House,4,410,B,Double
Jordan House,4,411,A,Double
Jordan House,4,411,B,Double
Jordan House,4,412,A,Double
Jordan House,4,412,B,Double
Jordan House,4,413,A,Single
Jordan House,4,415,A,Double
Jordan House,4,415,B,Double
Jordan House,4,416,A,Single
King House,1,104,A,Double
King House,1,104,B,Double
King House,2,201,A,Single
King House,2,202,A,Single
King House,2,203,A,Single
King House,2,204,A,Single
King House,2,205,A,Single
King House,2,206,A,Single
King House,2,207,A,Single
King House,2,208,A,Single
King House,2,209,A,Single
King House,2,210,A,Single
King House,2,211,A,Single
King House,2,212,A,Single
King House,2,213,A,Single
King House,2,214,A,Single
King House,2,215,A,Single
King House,2,216,A,Single
King House,2,218,A,Single
King House,2,219,A,Single
King House,2,220,A,Single
King House,2,221,A,Single
King House,2,222,A,Single
King House,2,223,A,Single
King House,2,224,A,Single
King House,2,225,A,Single
King House,2,226,A,Single
King House,2,227,A,Single
King House,2,228,A,Single
King House,2,229,A,Single
King House,2,230,A,Single
King House,2,231,A,Single
King House,2,232,A,Single
King House,2,233,A,Single
King House,3,301,A,Single
King House,3,302,A,Single
King House,3,303,A,Single
King House,3,304,A,Single
King House,3,306,A,Single
King House,3,307,A,Single
King House,3,308,A,Single
King House,3,309,A,Single
King House,3,310,A,Single
King House,3,311,A,Single
King House,3,312,A,Single
King House,3,313,A,Single
King House,3,314,A,Single
King House,3,315,A,Single
King House,3,316,A,Single
King House,3,318,A,Single
King House,3,319,A,Single
King House,3,320,A,Single
King House,3,321,A,Single
King House,3,322,A,Single
King House,3,323,A,Single
King House,3,324,A,Single
King House,3,325,A,Single
King House,3,326,A,Single
King House,3,327,A,Single
King House,3,329,A,Single
King House,3,330,A,Single
King House,3,331,A,Single
King House,3,332,A,Single
King House,3,333,A,Single
King House,4,401,A,Single
King House,4,402,A,Single
King House,4,403,A,Single
King House,4,404,A,Single
King House,4,405,A,Single
King House,4,406,A,Single
Lamont House,1,101,A,Quadruple
Lamont House,1,101,B,Quadruple
Lamont House,1,101,C,Quadruple
Lamont House,1,101,D,Quadruple
Lamont House,1,102,A,Triple
Lamont House,1,102,B,Triple
Lamont House,1,102,C,Triple
Lamont House,2,201,A,Double
Lamont House,2,201,B,Double
Lamont House,2,203,A,Double
Lamont House,2,203,B,Double
Lamont House,2,204,A,Double
Lamont House,2,204,B,Double
Lamont House,2,205,A,Single
Lamont House,2,206,A,Double
Lamont House,2,206,B,Double
Lamont House,2,207,A,Single
Lamont House,2,208,A,Single
Lamont House,2,209,A,Double
Lamont House,2,209,B,Double
Lamont House,2,210,A,Single
Lamont House,2,212,A,Single
Lamont House,2,214,A,Single
Lamont House,2,215,A,Double
Lamont House,2,215,B,Double
Lamont House,2,218,A,Double
Lamont House,2,218,B,Double
Lamont House,2,219,A,Double
Lamont House,2,219,B,Double
Lamont House,3,303,A,Double
Lamont House,3,303,B,Double
Lamont House,3,304,A,Double
Lamont House,3,304,B,Double
Lamont House,3,306,A,Double
Lamont House,3,306,B,Double
Lamont House,3,307,A,Single
Lamont House,3,308,A,Single
Lamont House,3,309,A,Double
Lamont House,3,309,B,Double
Lamont House,3,310,A,Single
Lamont House,3,311,A,Single
Lamont House,3,314,A,Single
Lamont House,3,315,A,Double
Lamont House,3,315,B,Double
Lamont House,3,316,A,Single
Lamont House,3,317,A,Single
Lamont House,3,318,A,Double
Lamont House,3,318,B,Double
Lamont House,3,319,A,Double
Lamont House,3,319,B,Double
Lamont House,4,401,A,Double
Lamont House,4,401,B,Double
Lamont House,4,403,A,Double
Lamont House,4,403,B,Double
Lamont House,4,404,A,Double
Lamont House,4,404,B,Double
Lamont House,4,405,A,Single
Lamont House,4,406,A,Double
Lamont House,4,406,B,Double
Lamont House,4,407,A,Single
Lamont House,4,408,A,Single
Lamont House,4,409,A,Double
Lamont House,4,409,B,Double
Lamont House,4,410,A,Single
Lamont House,4,411,A,Single
Lamont House,4,412,A,Single
Lamont House,4,413,A,Single
Lamont House,4,414,A,Double
Lamont House,4,414,B,Double
Lamont House,4,415,A,Single
Lamont House,4,416,A,Single
Lamont House,4,417,A,Double
Lamont House,4,417,B,Double
Lamont House,4,418,A,Single
Lawrence House,1,101,A,Triple
Lawrence House,1,101,B,Triple
Lawrence House,1,101,C,Triple
Lawrence House,1,102,A,Double
Lawrence House,1,102,B,Double
Lawrence House,2,201,A,Double
Lawrence House,2,201,B,Double
Lawrence House,2,202,A,Single
Lawrence House,2,203,A,Single
Lawrence House,2,204,A,Single
Lawrence House,2,205,A,Double
Lawrence House,2,205,B,Double
Lawrence House,2,207,A,Double
Lawrence House,2,207,B,Double
Lawrence House,2,208,A,Double
Lawrence House,2,208,B,Double
Lawrence House,2,210,A,Single
Lawrence House,2,212,A,Double
Lawrence House,2,212,B,Double
Lawrence House,2,213,A,Single
Lawrence House,2,214,A,Single
Lawrence House,2,215,A,Double
Lawrence House,2,215,B,Double
Lawrence House,3,301,A,Double
Lawrence House,3,301,B,Double
Lawrence House,3,303,A,Single
Lawrence House,3,304,A,Single
Lawrence House,3,305,A,Double
Lawrence House,3,305,B,Double
Lawrence House,3,306,A,Single
Lawrence House,3,307,A,Double
Lawrence House,3,307,B,Double
Lawrence House,3,308,A,Double
Lawrence House,3,308,B,Double
Lawrence House,3,310,A,Single
Lawrence House,3,311,A,Single
Lawrence House,3,312,A,Double
Lawrence House,3,312,B,Double
Lawrence House,3,313,A,Single
Lawrence House,3,314,A,Single
Lawrence House,3,315,A,Double
Lawrence House,3,315,B,Double
Lawrence House,3,316,A,Single
Lawrence House,3,317,A,Single
Lawrence House,4,402,A,Single
Lawrence House,4,403,A,Single
Lawrence House,4,404,A,Single
Lawrence House,4,405,A,Double
Lawrence House,4,405,B,Double
Lawrence House,4,406,A,Single
Lawrence House,4,408,A,Single
Lawrence House,4,409,A,Double
Lawrence House,4,409,B,Double
Lawrence House,4,410,A,Single
Lawrence House,4,411,A,Double
Lawrence House,4,411,B,Double
Lawrence House,4,412,A,Double
Lawrence House,4,412,B,Double
Machado House,1,101,A,Friedman Single
Machado House,1,102,A,Friedman Single
Machado House,1,103,A,Friedman Single
Machado House,1,104,A,Friedman Single
Machado House,1,111,A,Friedman Single
Machado House,1,112,A,Friedman Single
Machado House,1,113,A,Friedman Single
Machado House,1,114,A,Friedman Single
Machado House,2,201,A,Friedman Single
Machado House,2,202,A,Friedman Single
Machado House,2,203,A,Friedman Single
Machado House,2,204,A,Friedman Single
Machado House,2,211,A,Friedman Single
Machado House,2,212,A,Friedman Single
Machado House,2,213,A,Friedman Single
Machado House,2,214,A,Friedman Single
Morris House,1,101,A,Triple
Morris House,1,101,B,Triple
Morris House,1,101,C,Triple
Morris House,1,102,A,Double
Morris House,1,102,B,Double
Morris House,2,201,A,Double
Morris House,2,201,B,Double
Morris House,2,202,A,Single
Morris House,2,203,A,Single
Morris House,2,205,A,Double
Morris House,2,205,B,Double
Morris House,2,206,A,Single
Morris House,2,207,A,Double
Morris House,2,207,B,Double
Morris House,2,208,A,Double
Morris House,2,208,B,Double
Morris House,2,210,A,Single
Morris House,2,211,A,Single
Morris House,2,212,A,Double
Morris House,2,212,B,Double
Morris House,2,213,A,Single
Morris House,2,214,A,Single
Morris House,2,215,A,Double
Morris House,2,215,B,Double
Morris House,2,216,A,Single
Morris House,2,217,A,Single
Morris House,3,301,A,Double
Morris House,3,301,B,Double
Morris House,3,302,A,Single
Morris House,3,303,A,Single
Morris House,3,304,A,Single
Morris House,3,305,A,Double
Morris House,3,305,B,Double
Morris House,3,306,A,Single
Morris House,3,307,A,Double
Morris House,3,307,B,Double
Morris House,3,308,A,Double
Morris House,3,308,B,Double
Morris House,3,309,A,Single
Morris House,3,310,A,Single
Morris House,3,311,A,Single
Morris House,3,312,A,Double
Morris House,3,312,B,Double
Morris House,3,313,A,Single
Morris House,3,314,A,Single
Morris House,3,315,A,Double
Morris House,3,315,B,Double
Morris House,3,316,A,Single
Morris House,3,317,A,Single
Morris House,4,401,A,Single
Morris House,4,402,A,Double
Morris House,4,402,B,Double
Morris House,4,403,A,Single
Morris House,4,404,A,Single
Morris House,4,405,A,Single
Morris House,4,407,A,Single
Morris House,4,410,A,Double
Morris House,4,410,B,Double
Morris House,4,411,A,Single
Morris House,4,412,A,Double
Morris House,4,412,B,Double
Morris House,4,413,A,Double
Morris House,4,413,B,Double
Morrow House,1,101,A,Triple
Morrow House,1,101,B,Triple
Morrow House,1,101,C,Triple
Morrow House,1,104,A,Triple
Morrow House,1,104,B,Triple
Morrow House,1,104,C,Triple
Morrow House,2,201,A,Single
Morrow House,2,202,A,Single
Morrow House,2,203,A,Single
Morrow House,2,204,A,Single
Morrow House,2,205,A,Single
Morrow House,2,206,A,Single
Morrow House,2,207,A,Single
Morrow House,2,209,A,Single
Morrow House,2,210,A,Single
Morrow House,2,211,A,Single
Morrow House,2,212,A,Single
Morrow House,2,213,A,Single
Morrow House,2,214,A,Single
Morrow House,2,215,A,Single
Morrow House,2,216,A,Single
Morrow House,2,217,A,Single
Morrow House,2,218,A,Single
Morrow House,2,219,A,Single
Morrow House,2,220,A,Single
Morrow House,2,221,A,Single
Morrow House,2,222,A,Single
Morrow House,3,301,A,Single
Morrow House,3,302,A,Single
Morrow House,3,303,A,Single
Morrow House,3,304,A,Single
Morrow House,3,305,A,Single
Morrow House,3,306,A,Single
Morrow House,3,307,A,Single
Morrow House,3,308,A,Single
Morrow House,3,309,A,Single
Morrow House,3,310,A,Single
Morrow House,3,311,A,Single
Morrow House,3,312,A,Single
Morrow House,3,313,A,Single
Morrow House,3,314,A,Single
Morrow House,3,315,A,Single
Morrow House,3,316,A,Single
Morrow House,3,317,A,Single
Morrow House,3,318,A,Single
Morrow House,3,319,A,Single
Morrow House,3,320,A,Single
Morrow House,3,321,A,Single
Morrow House,3,322,A,Single
Morrow House,3,323,A,Single
Morrow House,3,324,A,Single
Morrow House,3,325,A,Single
Morrow House,4,401,A,Double
Morrow House,4,401,B,Double
Morrow House,4,402,A,Double
Morrow House,4,402,B,Double
Morrow House,4,403,A,Double
Morrow House,4,403,B,Double
Morrow House,4,404,A,Double
Morrow House,4,404,B,Double
Morrow House,4,406,A,Double
Morrow House,4,406,B,Double
Morrow House,4,407,A,Double
Morrow House,4,407,B,Double
Morrow House,4,408,A,Double
Morrow House,4,408,B,Double
Morrow House,4,409,A,Double
Morrow House,4,409,B,Double
Morrow House,4,410,A,Double
Morrow House,4,410,B,Double
Morrow House,4,411,A,Double
Morrow House,4,411,B,Double
Morrow House,4,412,A,Double
Morrow House,4,412,B,Double
Morrow House,4,413,A,Single
Morrow House,4,414,A,Single
Morrow House,4,415,A,Double
Morrow House,4,415,B,Double
Morrow House,4,416,A,Double
Morrow House,4,416,B,Double
Morrow House,4,417,A,Double
Morrow House,4,417,B,Double
Ninomiya House,1,101,A,Friedman Single
Ninomiya House,1,102,A,Friedman Single
Ninomiya House,1,103,A,Friedman Single
Ninomiya House,1,104,A,Friedman Single
Ninomiya House,1,111,A,Friedman Single
Ninomiya House,1,112,A,Friedman Single
Ninomiya House,1,113,A,Friedman Single
Ninomiya House,1,114,A,Friedman Single
Ninomiya House,2,201,A,Friedman Single
Ninomiya House,2,202,A,Friedman Single
Ninomiya House,2,203,A,Friedman Single
Ninomiya House,2,204,A,Friedman Single
Ninomiya House,2,211,A,Friedman Single
Ninomiya House,2,212,A,Friedman Single
Ninomiya House,2,213,A,Friedman Single
Ninomiya House,2,214,A,Friedman Single
Northrop House,1,104,A,Single
Northrop House,1,105,A,Double
Northrop House,1,105,B,Double
Northrop House,1,106,A,Single
Northrop House,1,107,A,Single
Northrop House,2,201,A,Single
Northrop House,2,202,A,Single
Northrop House,2,203,A,Double
Northrop House,2,203,B,Double
Northrop House,2,204,A,Single
Northrop House,2,205,A,Single
Northrop House,2,207,A,Single
Northrop House,2,208,A,Single
Northrop House,2,210,A,Single
Northrop House,2,211,A,Double
Northrop House,2,211,B,Double
Northrop House,2,212,A,Single
Northrop House,2,213,A,Single
Northrop House,2,214,A,Single
Northrop House,2,215,A,Single
Northrop House,2,216,A,Single
Northrop House,2,217,A,Single
Northrop House,2,218,A,Single
Northrop House,2,220,A,Double
Northrop House,2,220,B,Double
Northrop House,3,301,A,Single
Northrop House,3,302,A,Single
Northrop House,3,303,A,Double
Northrop House,3,303,B,Double
Northrop House,3,304,A,Single
Northrop House,3,305,A,Single
Northrop House,3,306,A,Single
Northrop House,3,308,A,Single
Northrop House,3,309,A,Single
Northrop House,3,310,A,Single
Northrop House,3,311,A,Double
Northrop House,3,311,B,Double
Northrop House,3,312,A,Single
Northrop House,3,313,A,Single
Northrop House,3,315,A,Single
Northrop House,3,316,A,Single
Northrop House,3,317,A,Single
Northrop House,3,318,A,Single
Northrop House,3,319,A,Single
Northrop House,3,320,A,Double
Northrop House,3,320,B,Double
Northrop House,4,401,A,Single
Northrop House,4,402,A,Single
Northrop House,4,403,A,Single
Northrop House,4,404,A,Single
Northrop House,4,405,A,Single
Northrop House,4,406,A,Single
Northrop House,4,407,A,Single
Northrop House,4,409,A,Single
Northrop House,4,411,A,Double
Northrop House,4,411,B,Double
Northrop House,4,412,A,Single
Northrop House,4,413,A,Single
Northrop House,4,414,A,Single
Northrop House,4,416,A,Single
Northrop House,4,417,A,Single
Northrop House,4,419,A,Single
Northrop House,5,501,A,Single
Northrop House,5,502,A,Single
Northrop House,5,503,A,Single
Northrop House,5,505,A,Single
Northrop House,5,506,A,Single
Park Annex,1,101,A,Single
Park Annex,1,102,A,Single
Park Annex,2,201,A,Single
Park Annex,2,202,A,Double
Park Annex,2,202,B,Double
Park Annex,2,203,A,Double
Park Annex,2,203,B,Double
Park Annex,2,204,A,Single
Park Annex,3,301,A,Double
Park Annex,3,301,B,Double
Park Annex,3,302,A,Single
Park Annex,3,303,A,Single
Park Annex,3,304,A,Double
Park Annex,3,304,B,Double
Park House,0,1,A,Single
Park House,0,4,A,Single
Park House,0,5,A,Double
Park House,0,5,B,Double
Park House,0,7,A,Single
Park House,0,8,A,Single
Park House,1,103,A,Double
Park House,1,103,B,Double
Park House,1,104,A,Single
Park House,2,201,A,Single
Park House,2,202,A,Single
Park House,2,203,A,Double
Park House,2,203,B,Double
Park House,2,204,A,Double
Park House,2,204,B,Double
Park House,2,205,A,Single
Park House,2,206,A,Single
Park House,2,207,A,Double
Park House,2,207,B,Double
Park House,2,208,A,Single
Park House,2,210,A,Single
Park House,2,211,A,Double
Park House,2,211,B,Double
Park House,2,212,A,Double
Park House,2,212,B,Double
Park House,2,213,A,Single
Park House,2,214,A,Double
Park House,2,214,B,Double
Park House,3,301,A,Single
Park House,3,302,A,Single
Park House,3,303,A,Double
Park House,3,303,B,Double
Park House,3,304,A,Double
Park House,3,304,B,Double
Park House,3,305,A,Single
Park House,3,306,A,Single
Park House,3,307,A,Double
Park House,3,307,B,Double
Park House,3,309,A,Single
Park House,3,310,A,Single
Park House,3,311,A,Double
Park House,3,311,B,Double
Park House,3,312,A,Single
Park House,3,313,A,Single
Park House,3,314,A,Double
Park House,3,314,B,Double
Parsons Annex,1,101,A,Single
Parsons Annex,1,102,A,Double
Parsons Annex,1,102,B,Double
Parsons Annex,2,202,A,Single
Parsons Annex,2,203,A,Double
Parsons Annex,2,203,B,Double
Parsons Annex,2,204,A,Double
Parsons Annex,2,204,B,Double
Parsons Annex,2,205,A,Single
Parsons Annex,2,206,A,Single
Parsons Annex,2,207,A,Single
Parsons Annex,3,301,A,Double
Parsons Annex,3,301,B,Double
Parsons Annex,3,302,A,Single
Parsons Annex,3,303,A,Single
Parsons Annex,3,304,A,Double
Parsons Annex,3,304,B,Double
Parsons House,1,101,A,Single
Parsons House,1,102,A,Single
Parsons House,1,103,A,Double
Parsons House,1,103,B,Double
Parsons House,1,104,A,Double
Parsons House,1,104,B,Double
Parsons House,1,107,A,Triple
Parsons House,1,107,B,Triple
Parsons House,1,107,C,Triple
Parsons House,2,201,A,Double
Parsons House,2,201,B,Double
Parsons House,2,202,A,Double
Parsons House,2,202,B,Double
Parsons House,2,203,A,Double
Parsons House,2,203,B,Double
Parsons House,2,204,A,Double
Parsons House,2,204,B,Double
Parsons House,2,205,A,Single
Parsons House,2,206,A,Single
Parsons House,2,207,A,Single
Parsons House,2,208,A,Single
Parsons House,2,209,A,Double
Parsons House,2,209,B,Double
Parsons House,2,210,A,Double
Parsons House,2,210,B,Double
Parsons House,2,211,A,Single
Parsons House,2,212,A,Single
Parsons House,2,213,A,Single
Parsons House,3,301,A,Single
Parsons House,3,303,A,Single
Parsons House,3,304,A,Single
Parsons House,3,305,A,Single
Parsons House,3,306,A,Single
Parsons House,3,307,A,Double
Parsons House,3,307,B,Double
Parsons House,3,309,A,Double
Parsons House,3,309,B,Double
Parsons House,3,310,A,Double
Parsons House,3,310,B,Double
Parsons House,3,311,A,Double
Parsons House,3,311,B,Double
Parsons House,3,312,A,Single
Parsons House,4,401,A,Single
Parsons House,4,402,A,Single
Scales House,1,104,A,Triple
Scales House,1,104,B,Triple
Scales House,1,104,C,Triple
Scales House,2,201,A,Single
Scales House,2,202,A,Single
Scales House,2,203,A,Single
Scales House,2,204,A,Single
Scales House,2,205,A,Single
Scales House,2,207,A,Single
Scales House,2,208,A,Single
Scales House,2,209,A,Single
Scales House,2,210,A,Single
Scales House,2,211,A,Single
Scales House,2,212,A,Single
Scales House,2,213,A,Single
Scales House,2,216,A,Single
Scales House,2,218,A,Single
Scales House,2,219,A,Single
Scales House,2,220,A,Single
Scales House,2,221,A,Single
Scales House,2,222,A,Single
Scales House,2,223,A,Single
Scales House,2,224,A,Single
Scales House,2,225,A,Single
Scales House,2,226,A,Single
Scales House,2,227,A,Single
Scales House,2,228,A,Single
Scales House,2,229,A,Single
Scales House,2,230,A,Single
Scales House,2,231,A,Single
Scales House,2,232,A,Single
Scales House,2,233,A,Single
Scales House,3,302,A,Single
Scales House,3,303,A,Single
Scales House,3,304,A,Single
Scales House,3,305,A,Single
Scales House,3,306,A,Single
Scales House,3,307,A,Single
Scales House,3,308,A,Single
Scales House,3,309,A,Single
Scales House,3,310,A,Single
Scales House,3,312,A,Single
Scales House,3,313,A,Single
Scales House,3,314,A,Single
Scales House,3,315,A,Single
Scales House,3,316,A,Single
Scales House,3,318,A,Single
Scales House,3,319,A,Single
Scales House,3,320,A,Single
Scales House,3,321,A,Single
Scales House,3,322,A,Single
Scales House,3,323,A,Single
Scales House,3,324,A,Single
Scales House,3,325,A,Single
Scales House,3,326,A,Single
Scales House,3,327,A,Single
Scales House,3,328,A,Single
Scales House,3,329,A,Single
Scales House,3,330,A,Single
Scales House,3,331,A,Single
Scales House,3,332,A,Single
Scales House,3,333,A,Single
Scales House,4,401,A,Single
Scales House,4,402,A,Single
Scales House,4,403,A,Single
Scales House,4,404,A,Single
Scales House,4,405,A,Single
Scales House,4,406,A,Single
Sessions Annex,1,101,A,Double
Sessions Annex,1,101,B,Double
Sessions Annex,2,201,A,Double
Sessions Annex,2,201,B,Double
Sessions Annex,2,203,A,Double
Sessions Annex,2,203,B,Double
Sessions Annex,2,204,A,Double
Sessions Annex,2,204,B,Double
Sessions Annex,2,205,A,Single
Sessions Annex,3,303,A,Single
Sessions Annex,3,304,A,Single
Sessions Annex,3,305,A,Single
Sessions House,1,103,A,Triple
Sessions House,1,103,B,Triple
Sessions House,1,103,C,Triple
Sessions House,2,201,A,Double
Sessions House,2,201,B,Double
Sessions House,2,202,A,Double
Sessions House,2,202,B,Double
Sessions House,2,204,A,Single
Sessions House,2,207,A,Single
Sessions House,2,208,A,Single
Sessions House,2,211,A,Single
Sessions House,2,212,A,Double
Sessions House,2,212,B,Double
Sessions House,2,213,A,Double
Sessions House,2,213,B,Double
Sessions House,3,301,A,Single
Sessions House,3,302,A,Single
Sessions House,3,303,A,Single
Sessions House,3,304,A,Single
Sessions House,3,305,A,Double
Sessions House,3,305,B,Double
Sessions House,3,306,A,Single
Sessions House,3,307,A,Single
Sessions House,3,308,A,Single
Sessions House,3,309,A,Single
Sessions House,3,310,A,Single
Sessions House,3,311,A,Double
Sessions House,3,311,B,Double
Sessions House,3,312,A,Double
Sessions House,3,312,B,Double
Talbot House,0,2,A,Single
Talbot House,1,102,A,Double
Talbot House,1,102,B,Double
Talbot House,1,103,A,Double
Talbot House,1,103,B,Double
Talbot House,1,105,A,Single
Talbot House,1,106,A,Double
Talbot House,1,106,B,Double
Talbot House,1,107,A,Double
Talbot House,1,107,B,Double
Talbot House,1,108,A,Double
Talbot House,1,108,B,Double
Talbot House,1,109,A,Single
Talbot House,2,201,A,Double
Talbot House,2,201,B,Double
Talbot House,2,202,A,Double
Talbot House,2,202,B,Double
Talbot House,2,203,A,Double
Talbot House,2,203,B,Double
Talbot House,2,204,A,Single
Talbot House,2,205,A,Single
Talbot House,2,206,A,Double
Talbot House,2,206,B,Double
Talbot House,2,207,A,Double
Talbot House,2,207,B,Double
Talbot House,2,208,A,Double
Talbot House,2,208,B,Double
Talbot House,2,211,A,Double
Talbot House,2,211,B,Double
Talbot House,2,212,A,Double
Talbot House,2,212,B,Double
Talbot House,2,213,A,Double
Talbot House,2,213,B,Double
Talbot House,2,214,A,Single
Talbot House,2,215,A,Single
Talbot House,2,216,A,Double
Talbot House,2,216,B,Double
Talbot House,3,301,A,Double
Talbot House,3,301,B,Double
Talbot House,3,302,A,Double
Talbot House,3,302,B,Double
Talbot House,3,303,A,Double
Talbot House,3,303,B,Double
Talbot House,3,304,A,Double
Talbot House,3,304,B,Double
Talbot House,3,305,A,Double
Talbot House,3,305,B,Double
Talbot House,3,306,A,Double
Talbot House,3,306,B,Double
Talbot House,3,307,A,Single
Talbot House,3,308,A,Single
Talbot House,3,309,A,Double
Talbot House,3,309,B,Double
Talbot House,3,310,A,Double
Talbot House,3,310,B,Double
Talbot House,3,311,A,Double
Talbot House,3,311,B,Double
Talbot House,3,312,A,Double
Talbot House,3,312,B,Double
Talbot House,4,401,A,Single
Talbot House,4,402,A,Single
Talbot House,4,403,A,Single
Talbot House,4,404,A,Single
Talbot House,4,405,A,Single
Talbot House,4,407,A,Double
Talbot House,4,407,B,Double
Talbot House,4,408,A,Single
Talbot House,4,410,A,Single
Talbot House,4,411,A,Single
Talbot House,4,412,A,Single
Talbot House,4,413,A,Double
Talbot House,4,413,B,Double
Talbot House,4,414,A,Double
Talbot House,4,414,B,Double
Tenney House,2,201,A,Tenney Single
Tenney House,2,202,A,Tenney Single
Tenney House,2,203,A,Tenney Single
Tenney House,2,204,A,Tenney Single
Tenney House,2,205,A,Tenney Single
Tenney House,2,206,A,Tenney Single
Tenney House,3,301,A,Tenney Single
Tenney House,3,302,A,Tenney Single
Tenney House,3,303,A,Tenney Single
Tenney House,3,304,A,Tenney Single
Tenney House,3,305,A,Tenney Single
Tenney House,3,306,A,Tenney Single
Tenney House,3,307,A,Tenney Single
Tyler House,2,201,A,Single
Tyler House,2,202,A,Single
Tyler House,2,203,A,Single
Tyler House,2,204,A,Double
Tyler House,2,204,B,Double
Tyler House,2,205,A,Single
Tyler House,2,207,A,Double
Tyler House,2,207,B,Double
Tyler House,2,209,A,Double
Tyler House,2,209,B,Double
Tyler House,2,211,A,Double
Tyler House,2,211,B,Double
Tyler House,2,212,A,Single
Tyler House,2,214,A,Single
Tyler House,2,215,A,Single
Tyler House,2,216,A,Double
Tyler House,2,216,B,Double
Tyler House,2,217,A,Single
Tyler House,2,218,A,Double
Tyler House,2,218,B,Double
Tyler House,3,301,A,Single
Tyler House,3,303,A,Single
Tyler House,3,304,A,Double
Tyler House,3,304,B,Double
Tyler House,3,305,A,Single
Tyler House,3,306,A,Single
Tyler House,3,307,A,Double
Tyler House,3,307,B,Double
Tyler House,3,308,A,Single
Tyler House,3,309,A,Double
Tyler House,3,309,B,Double
Tyler House,3,310,A,Single
Tyler House,3,311,A,Double
Tyler House,3,311,B,Double
Tyler House,3,312,A,Single
Tyler House,3,314,A,Single
Tyler House,3,315,A,Single
Tyler House,3,316,A,Single
Tyler House,3,317,A,Single
Tyler House,3,318,A,Double
Tyler House,3,318,B,Double
Tyler House,4,401,A,Single
Tyler House,4,402,A,Single
Tyler House,4,403,A,Single
Tyler House,4,404,A,Double
Tyler House,4,404,B,Double
Tyler House,4,405,A,Single
Tyler House,4,407,A,Double
Tyler House,4,407,B,Double
Tyler House,4,408,A,Single
Tyler House,4,409,A,Double
Tyler House,4,409,B,Double
Tyler House,4,411,A,Double
Tyler House,4,411,B,Double
Tyler House,4,412,A,Single
Tyler House,4,413,A,Single
Tyler House,4,414,A,Single
Tyler House,4,415,A,Single
Tyler House,4,416,A,Single
Tyler House,4,417,A,Single
Tyler House,4,418,A,Single
Wesley House,1,101,A,Double
Wesley House,1,101,B,Double
Wesley House,1,102,A,Double
Wesley House,1,102,B,Double
Wesley House,2,201,A,Double
Wesley House,2,201,B,Double
Wesley House,2,202,A,Single
Wesley House,2,204,A,Double
Wesley House,2,204,B,Double
Wesley House,2,205,A,Double
Wesley House,2,205,B,Double
Wesley House,3,301,A,Single
Wesley House,3,302,A,Double
Wesley House,3,302,B,Double
Wesley House,3,304,A,Double
Wesley House,3,304,B,Double
Wilder House,1,101,A,Double
Wilder House,1,101,B,Double
Wilder House,1,102,A,Triple
Wilder House,1,102,B,Triple
Wilder House,1,102,C,Triple
Wilder House,1,104,A,Double
Wilder House,1,104,B,Double
Wilder House,2,201,A,Single
Wilder House,2,203,A,Single
Wilder House,2,204,A,Single
Wilder House,2,205,A,Single
Wilder House,2,206,A,Single
Wilder House,2,208,A,Single
Wilder House,2,209,A,Single
Wilder House,2,211,A,Single
Wilder House,2,213,A,Single
Wilder House,2,214,A,Double
Wilder House,2,214,B,Double
Wilder House,2,217,A,Single
Wilder House,2,218,A,Single
Wilder House,2,219,A,Single
Wilder House,2,220,A,Single
Wilder House,2,221,A,Single
Wilder House,2,222,A,Single
Wilder House,2,223,A,Single
Wilder House,2,224,A,Single
Wilder House,2,225,A,Single
Wilder House,2,226,A,Single
Wilder House,2,227,A,Single
Wilder House,2,228,A,Single
Wilder House,2,230,A,Single
Wilder House,2,231,A,Double
Wilder House,2,231,B,Double
Wilder House,2,232,A,Double
Wilder House,2,232,B,Double
Wilder House,2,233,A,Double
Wilder House,2,233,B,Double
Wilder House,3,301,A,Single
Wilder House,3,302,A,Single
Wilder House,3,303,A,Single
Wilder House,3,304,A,Single
Wilder House,3,305,A,Single
Wilder House,3,306,A,Single
Wilder House,3,307,A,Single
Wilder House,3,308,A,Single
Wilder House,3,309,A,Single
Wilder House,3,310,A,Single
Wilder House,3,311,A,Single
Wilder House,3,312,A,Single
Wilder House,3,313,A,Single
Wilder House,3,314,A,Single
Wilder House,3,315,A,Single
Wilder House,3,316,A,Single
Wilder House,3,317,A,Single
Wilder House,3,318,A,Single
Wilder House,3,319,A,Single
Wilder House,3,320,A,Single
Wilder House,3,322,A,Single
Wilder House,3,323,A,Single
Wilder House,3,324,A,Single
Wilder House,3,325,A,Single
Wilder House,3,326,A,Double
Wilder House,3,326,B,Double
Wilder House,3,327,A,Double
Wilder House,3,327,B,Double
Wilder House,3,328,A,Double
Wilder House,3,328,B,Double
Wilder House,4,401,A,Double
Wilder House,4,401,B,Double
Wilder House,4,402,A,Single
Wilder House,4,403,A,Double
Wilder House,4,403,B,Double
Wilder House,4,404,A,Single
Wilson House,1,102,A,Single
Wilson House,1,103,A,Single
Wilson House,1,104,A,Single
Wilson House,1,105,A,Single
Wilson House,2,201,A,Single
Wilson House,2,202,A,Single
Wilson House,2,203,A,Single
Wilson House,2,204,A,Single
Wilson House,2,205,A,Single
Wilson House,2,206,A,Single
Wilson House,2,208,A,Single
Wilson House,2,209,A,Single
Wilson House,2,210,A,Single
Wilson House,2,211,A,Single
Wilson House,2,212,A,Single
Wilson House,2,213,A,Single
Wilson House,2,214,A,Single
Wilson House,2,215,A,Single
Wilson House,2,216,A,Single
Wilson House,2,217,A,Single
Wilson House,2,219,A,Single
Wilson House,2,220,A,Single
Wilson House,2,221,A,Single
Wilson House,2,223,A,Single
Wilson House,2,224,A,Single
Wilson House,2,225,A,Single
Wilson House,2,226,A,Single
Wilson House,2,227,A,Single
Wilson House,2,228,A,Single
Wilson House,2,229,A,Single
Wilson House,2,230,A,Single
Wilson House,2,231,A,Single
Wilson House,2,232,A,Single
Wilson House,2,233,A,Single
Wilson House,2,234,A,Single
Wilson House,2,235,A,Single
Wilson House,2,236,A,Single
Wilson House,2,237,A,Single
Wilson House,2,238,A,Single
Wilson House,2,239,A,Single
Wilson House,2,240,A,Single
Wilson House,2,241,A,Single
Wilson House,2,242,A,Single
Wilson House,2,243,A,Single
Wilson House,2,244,A,Single
Wilson House,2,245,A,Single
Wilson House,2,246,A,Single
Wilson House,3,301,A,Single
Wilson House,3,302,A,Single
Wilson House,3,303,A,Single
Wilson House,3,304,A,Single
Wilson House,3,305,A,Single
Wilson House,3,306,A,Single
Wilson House,3,307,A,Single
Wilson House,3,308,A,Single
Wilson House,3,309,A,Single
Wilson House,3,310,A,Single
Wilson House,3,311,A,Single
Wilson House,3,312,A,Single
Wilson House,3,313,A,Single
Wilson House,3,314,A,Single
Wilson House,3,315,A,Single
Wilson House,3,316,A,Single
Wilson House,3,317,A,Single
Wilson House,3,318,A,Single
Wilson House,3,319,A,Single
Wilson House,3,320,A,Single
Wilson House,3,321,A,Single
Wilson House,3,322,A,Single
Wilson House,3,323,A,Single
Wilson House,3,324,A,Single
Wilson House,4,401,A,Double
Wilson House,4,401,B,Double
Wilson House,4,402,A,Double
Wilson House,4,402,B,Double
Wilson House,4,403,A,Double
Wilson House,4,403,B,Double
Wilson House,4,404,A,Double
Wilson House,4,404,B,Double
Wilson House,4,408,A,Double
Wilson House,4,408,B,Double
Wilson House,4,409,A,Double
Wilson House,4,409,B,Double
Wilson House,4,410,A,Double
Wilson House,4,410,B,Double
Wilson House,4,411,A,Double
Wilson House,4,411,B,Double
Wilson House,4,412,A,Double
Wilson House,4,412,B,Double
Wilson House,4,413,A,Double
Wilson House,4,413,B,Double
Wilson House,4,414,A,Double
Wilson House,4,414,B,Double
Wilson House,4,415,A,Double
Wilson House,4,415,B,Double
Ziskind House,1,101,A,Triple
Ziskind House,1,101,B,Triple
Ziskind House,1,101,C,Triple
Ziskind House,2,201,A,Double
Ziskind House,2,201,B,Double
Ziskind House,2,202,A,Single
Ziskind House,2,203,A,Single
Ziskind House,2,204,A,Single
Ziskind House,2,205,A,Single
Ziskind House,2,207,A,Single
Ziskind House,2,208,A,Single
Ziskind House,2,212,A,Single
Ziskind House,2,213,A,Single
Ziskind House,2,214,A,Single
Ziskind House,2,215,A,Single
Ziskind House,2,216,A,Double
Ziskind House,2,216,B,Double
Ziskind House,2,217,A,Double
Ziskind House,2,217,B,Double
Ziskind House,2,218,A,Single
Ziskind House,2,219,A,Single
Ziskind House,2,223,A,Single
Ziskind House,2,224,A,Single
Ziskind House,2,225,A,Single
Ziskind House,2,226,A,Single
Ziskind House,2,227,A,Single
Ziskind House,2,228,A,Single
Ziskind House,2,229,A,Single
Ziskind House,2,230,A,Single
Ziskind House,2,231,A,Single
Ziskind House,2,232,A,Double
Ziskind House,2,232,B,Double
Ziskind House,2,233,A,Single
Ziskind House,3,301,A,Double
Ziskind House,3,301,B,Double
Ziskind House,3,302,A,Single
Ziskind House,3,303,A,Single
Ziskind House,3,304,A,Single
Ziskind House,3,305,A,Single
Ziskind House,3,306,A,Single
Ziskind House,3,307,A,Single
Ziskind House,3,308,A,Single
Ziskind House,3,309,A,Single
Ziskind House,3,310,A,Single
Ziskind House,3,311,A,Single
Ziskind House,3,312,A,Single
Ziskind House,3,313,A,Single
Ziskind House,3,314,A,Single
Ziskind House,3,316,A,Double
Ziskind House,3,316,B,Double
Ziskind House,3,317,A,Double
Ziskind House,3,317,B,Double
Ziskind House,3,319,A,Single
Ziskind House,3,320,A,Single
Ziskind House,3,323,A,Single
Ziskind House,3,324,A,Single
Ziskind House,3,325,A,Single
Ziskind House,3,326,A,Single
Ziskind House,3,328,A,Single
Ziskind House,3,329,A,Single
Ziskind House,3,331,A,Single
Ziskind House,3,332,A,Double
Ziskind House,3,332,B,Double
Ziskind House,3,333,A,Single